{
  "project_info": {
    "project_number": "499593631505",
    "firebase_url": "https://authenticationfirebase-fd40e.firebaseio.com",
    "project_id": "authenticationfirebase-fd40e",
    "storage_bucket": "authenticationfirebase-fd40e.appspot.com"
  },
  "client": [
    {
      "client_info": {
        "mobilesdk_app_id": "1:499593631505:android:a96969936657f5c9",
        "android_client_info": {
          "package_name": "com.example.notification"
        }
      },
      "oauth_client": [
        {
          "client_id": "499593631505-g8pt0krmno5mu9jkvhv5m6pfae576aco.apps.googleusercontent.com",
          "client_type": 1,
          "android_info": {
            "package_name": "com.example.notification",
            "certificate_hash": "CE6335A96CB299AAD4C3A337582712E5C06807BC"
          }
        },
        {
          "client_id": "499593631505-d9ka0ujvlbj3q3j36oc5v1t3454cu4up.apps.googleusercontent.com",
          "client_type": 3
        }
      ],
      "api_key": [
        {
          "current_key": "AIzaSyDdGY180SQ36D20dDUVxtAIrrkfeiaGHYk"
        }
      ],
      "services": {
        "analytics_service": {
          "status": 1
        },
        "appinvite_service": {
          "status": 2,
          "other_platform_oauth_client": [
            {
              "client_id": "499593631505-d9ka0ujvlbj3q3j36oc5v1t3454cu4up.apps.googleusercontent.com",
              "client_type": 3
            }
          ]
        },
        "ads_service": {
          "status": 2
        }
      }
    }
  ],
  "configuration_version": "1"
}